Nom du livrable,Porteur,Périodicité,Échéance,Date de réalisation,Mois
,,Quotidien,2024-04-08,2024-04-08,April
,,Quotidien,2024-04-08,2024-04-08,April
,,Quotidien,2024-04-08,2024-04-10,April
loupou,,Quotidien,2024-04-08,2024-04-10,April
loupou,,Hebdomadaire,2024-04-08,2024-04-10,April
loupou,,Mensuel,2024-04-08,2024-04-10,April
loupou,,Mensuel,2024-02-14,2024-04-10,February
loupou,,Mensuel,2024-02-14,2024-02-15,February
loupou,,Mensuel,2024-02-14,2024-02-12,February
,,Quotidien,2024-04-08,2024-04-08,April
